{"gui_light":"front","textures":{"texture":"guis/quest_anim/quest_anim1"},"elements":[{"from":[-8.05,-11.84,16],"to":[-3.7375,-7.07,16.001],"faces":{"north":{"uv":[11,16,0,5],"rotation":180,"texture":"#texture"},"south":{"uv":[8.5625,13.53125,10.8125,16],"texture":"#texture"}}},{"from":[-7.8749,-11.8947,16.5],"to":[-3.5624,-7.1547,16.501],"faces":{"north":{"uv":[11,16,0,5],"rotation":180,"texture":"#texture"},"south":{"uv":[9.11768,10.875,11.4078,13.29167],"texture":"#texture"}}}],"display":{"thirdperson_righthand":{"scale":[0.0001,0.0001,0.0001]},"thirdperson_lefthand":{"scale":[0.0001,0.0001,0.0001]},"firstperson_righthand":{"scale":[0.0001,0.0001,0.0001]},"firstperson_lefthand":{"scale":[0.0001,0.0001,0.0001]},"ground":{"scale":[0.0001,0.0001,0.0001]},"gui":{"translation":[-65,69.85,-80],"scale":[4,4,4]},"head":{"scale":[0.0001,0.0001,0.0001]}}}