{
	"textures": {
		"3": "custom/bus/glass3"
	},
	"elements": [
		{
			"from": [24.66167, -12.00001, 14.66667],
			"to": [24.995, 1.66666, 32],
			"rotation": {"angle": 0, "axis": "y", "origin": [32, -18.66667, 50]},
			"faces": {
				"east": {"uv": [2.667, 11.445, 8.444, 16], "texture": "#3"},
				"west": {"uv": [8.444, 11.445, 2.667, 16], "texture": "#3"}
			}
		},
		{
			"from": [24.66167, -12.00001, -13.33333],
			"to": [24.995, 1.66666, 12.33333],
			"rotation": {"angle": 0, "axis": "y", "origin": [32, -18.66667, 55.66667]},
			"faces": {
				"east": {"uv": [4.556, 0, 9.111, 8.555], "rotation": 90, "texture": "#3"},
				"west": {"uv": [4.556, 8.555, 9.111, 0], "rotation": 90, "texture": "#3"}
			}
		},
		{
			"from": [24.66167, -12.00001, -16],
			"to": [24.995, 1.66666, -15.66667],
			"rotation": {"angle": 0, "axis": "y", "origin": [32, -18.66667, 53]},
			"faces": {
				"east": {"uv": [4.556, 0, 9.11156, 0.11111], "rotation": 90, "texture": "#3"},
				"west": {"uv": [4.556, 0, 9.11156, 0.11111], "rotation": 90, "texture": "#3"}
			}
		}
	],
	"groups": [
		{
			"name": "hexadecagon",
			"origin": [8, 8, 8],
			"children": [0, 1, 2]
		},
		{
			"name": "chunk20s",
			"origin": [8, 8, 8],
			"children": [
				{
					"name": "hexadecagon",
					"origin": [8, 8, 8],
					"children": []
				}
			]
		}
	]
}