{"textures":{"2":"custom/deer/deer3"},"elements":[{"from":[7.75,9.25,14.8],"to":[9.25,12.25,14.8],"rotation":{"angle":-22.5,"axis":"x","origin":[8.5,11.75,14.55]},"faces":{"south":{"uv":[12.327,3,10.667,6],"texture":"#2"}}},{"from":[8.5,7.38164,14.76865],"to":[8.5,10.38164,16.26865],"rotation":{"angle":-45,"axis":"y","origin":[8.5,8.88164,15.51865]},"faces":{"west":{"uv":[10.66,3,9,6],"texture":"#2"}}},{"from":[8.5,9.25,14.05],"to":[8.5,12.25,15.55],"rotation":{"angle":-22.5,"axis":"x","origin":[8.5,11.75,14.55]},"faces":{"west":{"uv":[12.327,3,10.667,6],"texture":"#2"}}},{"from":[7.75,7.38164,15.51865],"to":[9.25,10.38164,15.51865],"rotation":{"angle":-45,"axis":"y","origin":[8.5,8.88164,15.51865]},"faces":{"south":{"uv":[10.66,3,9,6],"texture":"#2"}}}],"display":{"head":{"translation":[0,-21.5,4.75],"scale":[2.8,2.8,2.8]}}}